hex,color
000000,Black
000080,Navy Blue
00008B,Dark Blue
00009C,Duke Blue
0000CD,Medium Blue
0000FF,Blue
000F89,Phthalo Blue
0014A8,Zaffre
002147,Oxford Blue
002366,Royal Blue (Traditional)
002387,Resolution Blue
002395,Imperial Blue
002E63,Cool Black
002FA7,International Klein Blue
00308F,Air Force Blue (Usaf)
003153,Prussian Blue
003366,Dark Midnight Blue
003399,Dark Powder Blue
0033AA,Ua Blue
0038A8,Royal Azure
004040,Rich Black
00416A,Indigo (Dye)
004225,British Racing Green
004242,Warm Black
0047AB,Cobalt
004953,Midnight Green (Eagle Green)
004B49,Deep Jungle Green
004F98,Usafa Blue
00563F,Sacramento State Green
006600,Pakistan Green
0067A5,Sapphire Blue
006994,Sea Blue
006A4E,Bottle Green
006B3C,Cadmium Green
00703C,Dartmouth Green
0070FF,Brandeis Blue
0072BB,French Blue
0073CF,True Blue
007474,Skobeloff
00755E,Tropical Rain Forest
0077BE,Ocean Boat Blue
007AA5,Cg Blue
007BA7,Celadon Blue
007FBF,Honolulu Blue
007FFF,Azure
008000,Green (Html/Css Green)
008080,Teal
00827F,Teal Green
0087BD,Blue (Ncs)
008B8B,Dark Cyan
009000,Islamic Green
0093AF,Blue (Munsell)
0095B6,Bondi Blue
009E60,Shamrock Green
009F6B,Green (Ncs)
00A550,Green (Pigment)
00A693,Persian Green
00A86B,Jade
00A877,Green (Munsell)
00B7EB,Cyan (Process)
00BFFF,Deep Sky Blue
00CC99,Caribbean Green
00CCCC,Robin Egg Blue
00CED1,Dark Turquoise
00FA9A,Medium Spring Green
00FF00,Green
00FF7F,Spring Green
00FFEF,Turquoise Blue
0FFFFF,Aqua
00FFFF,Cyan
013220,Dark Green
014421,Forest Green (Traditional)
01796F,Pine Green
0247FE,Blue (Ryb)
035096,Medium Electric Blue
03C03C,Dark Pastel Green
059033,North Texas Green
062A78,Catalina Blue
08457E,Dark Cerulean
087830,La Salle Green
0892D0,Rich Electric Blue
08E8DE,Bright Turquoise
0ABAB5,Tiffany Blue
0BDA51,Malachite
0D98BA,Blue-Green
0F4D92,Yale Blue
0F52BA,Sapphire
0FC0FC,Spiro Disco Ball
100C08,Smoky Black
1034A6,Egyptian Blue
120A8F,Ultramarine
123524,Phthalo Green
126180,Blue Sapphire
138808,India Green
1560BD,Denim
177245,Dark Spring Green
18453B,Msu Green
191970,Midnight Blue
195905,Lincoln Green
1A1110,Licorice
1A2421,Dark Jungle Green
1C352D,Medium Jungle Green
1C39BB,Persian Blue
1CAC78,Green (Crayola)
1DACD6,Bright Cerulean
1E4D2B,Cal Poly Green
1E90FF,Dodger Blue
1F75FE,Blue (Crayola)
20B2AA,Light Sea Green
21421E,Myrtle
21ABCD,Ball Blue
228B22,Forest Green (Web)
23297A,St. Patrick'S Blue
253529,Black Leather Jacket
26619C,Lapis Lazuli
273BE2,Palatinate Blue
29AB87,Jungle Green
2A52BE,Cerulean Blue
2A8000,Napier Green
2C1608,Zinnwaldite Brown
2E8B57,Sea Green
2F4F4F,Dark Slate Gray
2F847C,Celadon Green
30BA8F,Mountain Meadow
30D5C8,Turquoise
318CE7,Bleu De France
32127A,Persian Indigo
321414,Seal Brown
324AB2,Violet-Blue
32CD32,Lime Green
333399,Blue (Pigment)
343434,Jet
353839,Onyx
355E3B,Hunter Green
36454F,Charcoal
367588,Teal Blue
39FF14,Neon Green
3B3C36,Black Olive
3B444B,Arsenic
3C1414,Dark Sienna
3C341F,Olive Drab #7
3CB371,Medium Sea Green
3CD070,Ufo Green
3D0C02,Black Bean
3D2B1F,Bistre
3EB489,Mint
3F00FF,Electric Ultramarine
3FFF00,Harlequin
40826D,Viridian
414833,Rifle Green
414A4C,Outer Space
4166F5,Ultramarine Blue
4169E1,Royal Blue (Web)
417DC1,Tufts Blue
43B3AE,Verdigris
446CCF,Han Blue
465945,Gray-Asparagus
4682B4,Steel Blue
480607,Bulgarian Rose
483C32,Dark Lava
483D8B,Dark Slate Blue
48D1CC,Medium Turquoise
49796B,Hooker'S Green
4997D0,Celestial Blue
4B0082,Indigo (Web)
4B3621,Café Noir
4B5320,Army Green
4CBB17,Kelly Green
4D5D53,Feldgrau
4F666A,Stormcloud
4F7942,Fern Green
50404D,Purple Taupe
507D2A,Sap Green
50C878,Emerald
51484F,Quartz
5218FA,Han Purple
522D80,Regalia
534B4F,Liver
536872,Cadet
536878,Dark Electric Blue
536895,Ucla Blue
555555,Davy'S Grey
555D50,Ebony
556B2F,Dark Olive Green
560319,Dark Scarlet
568203,Avocado
592720,Caput Mortuum
5A4FCF,Iris
5B92E5,United Nations Blue
5D3954,Dark Byzantium
5D8AA8,Rackley
5F9EA0,Cadet Blue
6050DC,Majorelle Blue
6082B6,Glaucous
614051,Eggplant
635147,Umber
645452,Wenge
6495ED,Cornflower Blue
65000B,Rosewood
654321,Dark Brown
66023C,Tyrian Purple
663854,Halayà úBe
66424D,Deep Tuscan Red
6699CC,Blue Gray
66B032,Green (Ryb)
66DDAA,Medium Aquamarine
66FF00,Bright Green
673147,Old Mauve
674846,Rose Ebony
674C47,Medium Taupe
682860,Palatinate Purple
69359C,Purple Heart
696969,Dim Gray
6A5ACD,Slate Blue
6B8E23,Olive Drab (Web) (Olive Drab #3)
6C541E,Field Drab
6CA0DC,Little Boy Blue
6D9BC3,Cerulean Frost
6E7F80,Aurometalsaurus
6F00FF,Indigo
6F4E37,Coffee
701C1C,Prune
702963,Byzantium
704214,Sepia
704241,Deep Coffee
708090,Slate Gray
71A6D2,Iceberg
722F37,Wine
72A0C1,Air Superiority Blue
734F96,Dark Lavender
738678,Xanadu
73A9C2,Moonstone Blue
73C2FB,Maya Blue
746CC0,Toolbox
74C365,Mantis
76FF7A,Screamin' Green
778899,Light Slate Gray
779ECB,Dark Pastel Blue
77DD77,Pastel Green
78184A,Pansy Purple
7851A9,Royal Purple
78866B,Camouflage Green
79443B,Medium Tuscan Red
796878,Old Lavender
7B1113,Up Maroon
7B3F00,Chocolate (Traditional)
7B68EE,Medium Slate Blue
7C0A02,Barn Red
7C1C05,Kenyan Copper
7C4848,Tuscan Red
7CFC00,Lawn Green
7DF9FF,Electric Blue
7F00FF,Violet (Color Wheel)
7FFF00,Chartreuse (Web)
7FFFD4,Aquamarine
800000,Maroon (Html/Css)
800020,Burgundy
800080,Purple (Html/Css)
801818,Falu Red
80461B,Russet
808000,Olive
808080,Gray
826644,Raw Umber
836953,Pastel Brown
841B2D,Antique Ruby
843F5B,Deep Ruby
848482,Battleship Grey
85BB65,Dollar Bill
860111,Red Devil
8601AF,Violet (Ryb)
86608E,French Lilac
872657,Dark Raspberry
873260,Boysenberry
87A96B,Asparagus
87CEEB,Sky Blue
87CEFA,Light Sky Blue
880085,Mardi Gras
882D17,Sienna
8878C3,Ube
88D8C0,Pearl Aqua
893F45,Cordovan
89CFF0,Baby Blue
8A2BE2,Blue-Violet
8A3324,Burnt Umber
8A496B,Twilight Lavender
8A795D,Shadow
8B0000,Dark Red
8B008B,Dark Magenta
8B4513,Saddle Brown
8B8589,Taupe Gray
8C92AC,Cool Grey
8DB600,Apple Green
8E4585,Plum (Traditional)
8F00FF,Violet
8FBC8F,Dark Sea Green
905D5D,Rose Taupe
90EE90,Light Green
915C83,Antique Fuchsia
915F6D,Mauve Taupe
918151,Dark Tan
91A3B0,Cadet Grey
92000A,Sangria
922724,Vivid Auburn
92A1CF,Ceil
933D41,Smokey Topaz
9370DB,Medium Purple
93C572,Pistachio
93CCEA,Light Cornflower Blue
9400D3,Dark Violet
9457EB,Lavender Indigo
960018,Carmine
964B00,Brown (Traditional)
966FD6,Dark Pastel Purple
967117,Sandy Taupe
9678B6,Purple Mountain Majesty
967BB6,Lavender Purple
96C8A2,Eton Blue
96DED1,Pale Robin Egg Blue
979AAA,Manatee
986960,Dark Chestnut
987654,Pale Brown
98777B,Bazaar
98817B,Cinereous
98FB98,Pale Green
98FF98,Mint Green
990000,Ou Crimson Red
9932CC,Dark Orchid
9955BB,Deep Lilac
996515,Golden Brown
996666,Copper Rose
9966CC,Amethyst
997A8D,Mountbatten Pink
99BADD,Carolina Blue
9AB973,Olivine
9ACD32,Yellow-Green
9B111E,Ruby Red
9B870C,Dark Yellow
9BC4E2,Pale Cerulean
9BDDFF,Columbia Blue
9C2542,Big Dip O’Ruby
9DC209,Limerick
9F00C5,Purple (Munsell)
9F00FF,Vivid Violet
9F1D35,Vivid Burgundy
9F8170,Beaver
A020F0,Veronica
A0785A,Chamoisee
A0D6B4,Turquoise Green
A1CAF1,Baby Blue Eyes
A2A2D0,Blue Bell
A2ADD0,Wild Blue Yonder
A32638,Alabama Crimson
A3C1AD,Cambridge Blue
A40000,Dark Candy Apple Red
A4C639,Android Green
A4DDED,Non-Photo Blue
A4F4F9,Waterspout
A50B5E,Jazzberry Jam
A52A2A,Red-Brown
A57164,Blast-Off Bronze
A67B5B,French Beige
A76BCF,Rich Lavender
A7FC00,Spring Bud
A81C07,Rufous
A8516E,China Rose
A8E4A0,Granny Smith Apple
A9203E,Deep Carmine
A99A86,Grullo
A9A9A9,Dark Gray
A9BA9D,Laurel Green
AA381E,Chinese Red
AA4069,Medium Ruby
AA98A9,Rose Quartz
AAF0D1,Magic Mint
AB4E52,Redwood
ABCDEF,Pale Cornflower Blue
ACE1AF,Celadon
ACE5EE,Blizzard Blue
AD6F69,Copper Penny
ADD8E6,Light Blue
ADDFAD,Moss Green
ADFF2F,Green-Yellow
AE0C00,Mordant Red 19
AE2029,Upsdell Red
AEC6CF,Pastel Blue
AF4035,Pale Carmine
AFEEEE,Pale Blue
B03060,Rich Maroon
B06500,Ginger
B0E0E6,Powder Blue (Web)
B19CD9,Light Pastel Purple
B22222,Firebrick
B2BEB5,Ash Grey
B2EC5D,Inchworm
B2FFFF,Celeste (Colour)
B31B1B,Cornell Red
B3446C,Raspberry Rose
B38B6D,Light Taupe
B39EB5,Pastel Purple
B48395,English Lavender
B53389,Fandango
B5651D,Light Brown
B57281,Turkish Rose
B57EDC,Lavender (Floral)
B5A642,Brass
B666D2,Rich Lilac
B7410E,Rust
B768A2,Pearly Purple
B76E79,Rose Gold
B784A7,Opera Mauve
B78727,University Of California Gold
B87333,Copper
B8860B,Dark Goldenrod
B94E48,Deep Chestnut
BA160C,International Orange (Engineering)
BA55D3,Medium Orchid
BB3385,Medium Red-Violet
BB6528,Ruddy Brown
BC8F8F,Rosy Brown
BC987E,Pale Taupe
BCD4E6,Pale Aqua
BD33A4,Byzantine
BDB76B,Dark Khaki
BDDA57,June Bud
BE0032,Crimson Glory
BEBEBE,Gray (X11 Gray)
BF00FF,Electric Purple
BF4F51,Bittersweet Shimmer
BF94E4,Bright Lavender
BFFF00,Lime (Color Wheel)
C0362C,International Orange (Golden Gate Bridge)
C04000,Mahogany
C08081,Old Rose
C0C0C0,Silver
C154C1,Deep Fuchsia
C19A6B,Wood Brown
C23B22,Dark Pastel Red
C2B280,Sand
C32148,Bright Maroon
C3B091,Khaki (Html/Css)
C40233,Red (Ncs)
C41E3A,Cardinal
C46210,Alloy Orange
C4C3D0,Lavender Gray
C54B8C,Mulberry
C5B358,Vegas Gold
C71585,Red-Violet
C72C48,French Raspberry
C74375,Fuchsia Rose
C80815,Venetian Red
C8A2C8,Lilac
C90016,Harvard Crimson
C9A0DC,Wisteria
C9C0BB,Pale Silver
C9DC87,Medium Spring Bud
CA1F7B,Magenta (Dye)
CA2C92,Royal Fuchsia
CB410B,Sinopia
CB4154,Brick Red
CB6D51,Copper Red
CB99C9,Pastel Violet
CBA135,Satin Sheen Gold
CC0000,Boston University Red
CC00CC,Deep Magenta
CC3333,Persian Red
CC4E5C,Dark Terra Cotta
CC5500,Burnt Orange
CC6666,Fuzzy Wuzzy
CC7722,Ochre
CC8899,Puce
CCCCFF,Lavender Blue
CCFF00,Fluorescent Yellow
CD5700,Tenné (Tawny)
CD5B45,Dark Coral
CD5C5C,Indian Red
CD7F32,Bronze
CD853F,Peru
CD9575,Antique Brass
CE2029,Fire Engine Red
CF1020,Lava
CF3476,Telemagenta
CF71AF,Sky Magenta
CFB53B,Old Gold
CFCFC4,Pastel Gray
D0F0C0,Tea Green
D10056,Rubine Red
D19FE8,Bright Ube
D1E231,Pear
D2691E,Cocoa Brown
D2B48C,Tan
D3003F,Utah Crimson
D3D3D3,Light Gray
D40000,Rosso Corsa
D4AF37,Gold (Metallic)
D6CADD,Languid Lavender
D70040,Rich Carmine
D70A53,Debian Red
D71868,Dogwood Rose
D73B3E,Jasper
D7837F,New York Pink
D8BFD8,Thistle
D9004C,Ua Red
D9603B,Medium Vermilion
D99058,Persian Orange
DA1D81,Vivid Cerise
DA2C43,Rusty Red
DA3287,Deep Cerise
DA70D6,Orchid
DA8A67,Pale Copper
DA9100,Harvest Gold
DAA520,Goldenrod
DB7093,Pale Red-Violet
DBD7D2,Timberwolf
DC143C,Crimson
DCD0FF,Pale Lavender
DCDCDC,Gainsboro
DDA0DD,Pale Plum
DDADAF,Pale Chestnut
DE3163,Cherry
DE5D83,Blush
DE6FA1,Thulian Pink
DEA5A4,Pastel Pink
DEAA88,Tumbleweed
DEB887,Burlywood
DF00FF,Psychedelic Purple
DF73FF,Heliotrope
DFFF00,Chartreuse (Traditional)
E0115F,Ruby
E03C31,Cg Red
E08D3C,Tiger'S Eye
E0B0FF,Mauve
E0FFFF,Light Cyan
E18E96,Ruddy Pink
E1A95F,Earth Yellow
E1AD21,Urobilin
E2062C,Medium Candy Apple Red
E25098,Raspberry Pink
E25822,Flame
E2725B,Terra Cotta
E30022,Cadmium Red
E30B5D,Raspberry
E3256B,Razzmatazz
E32636,Alizarin Crimson
E34234,Cinnabar
E3A857,Indian Yellow
E3DAC9,Bone
E3FF00,Lemon Lime
E4717A,Candy Pink
E48400,Fulvous
E49B0F,Gamboge
E4D00A,Citrine
E4D96F,Straw
E52B50,Amaranth
E5AA70,Fawn
E5B73B,Meat Brown
E5E4E2,Platinum
E62020,Lust
E66771,Light Carmine Pink
E68FAC,Charm Pink
E6BE8A,Pale Gold
E6E200,Peridot
E6E6FA,Lavender Mist
E6E8FA,Glitter
E75480,Dark Pink
E7ACCF,Pink Pearl
E7FEFF,Bubbles
E8000D,Ku Crimson
E9692C,Deep Carrot Orange
E97451,Light Red Ochre
E9967A,Dark Salmon
E9D66B,Hansa Yellow
EAE0C8,Pearl
EB4C42,Carmine Pink
EC3B83,Cerise Pink
EC5800,Persimmon
ECD540,Sandstorm
ECEBBD,Pale Spring Bud
ED1C24,Red (Pigment)
ED872D,Cadmium Orange
ED9121,Carrot Orange
EDC9AF,Desert Sand
EE82EE,Lavender Magenta
EEDC82,Flax
EEE600,Titanium Yellow
EEE8AA,Pale Goldenrod
EF3038,Deep Carmine Pink
EF98AA,Mauvelous
EFBBCC,Cameo Pink
EFCC00,Yellow (Munsell)
EFDECD,Almond
F08080,Light Coral
F0DC82,Buff
F0E130,Dandelion
F0E68C,Khaki
F0EAD6,Eggshell
F0F8FF,Alice Blue
F0FFF0,Honeydew
F0FFFF,Azure Mist/Web
F1A7FE,Rich Brilliant Lavender
F2003C,Red (Munsell)
F28500,Tangerine
F2F3F4,Anti-Flash White
F3E5AB,Vanilla
F400A1,Fashion Fuchsia
F49AC2,Pastel Magenta
F4A460,Sandy Brown
F4BBFF,Brilliant Lavender
F4C2C2,Baby Pink
F4C430,Saffron
F4F0EC,Isabelline
F56991,Light Crimson
F5DEB3,Wheat
F5F5DC,Beige
F5F5F5,White Smoke
F5FFFA,Mint Cream
F64A8A,French Rose
F6ADC6,Nadeshiko Pink
F77FBE,Persian Pink
F78FA7,Pink Sherbet
F7E98E,Flavescent
F88379,Coral Pink
F8B878,Mellow Apricot
F8DE7E,Jasmine
F8F4FF,Magnolia
F8F8FF,Ghost White
F9429E,Rose Bonbon
F94D00,Tangelo
F984E5,Pale Magenta
FAD6A5,Champagne
FADA5E,Royal Yellow
FADADD,Pale Pink
FADFAD,Peach-Yellow
FAE7B5,Banana Mania
FAEBD7,Antique White
FAF0BE,Blond
FAF0E6,Linen
FAFAD2,Light Goldenrod Yellow
FB607F,Brink Pink
FB9902,Orange (Ryb)
FBA0E3,Lavender Rose
FBAB60,Rajah
FBAED2,Lavender Pink
FBCCE7,Classic Rose
FBCEB1,Apricot
FBEC5D,Maize
FC0FC0,Shocking Pink
FC6C85,Wild Watermelon
FC89AC,Tickle Me Pink
FC8EAC,Flamingo Pink
FCC200,Golden Poppy
FCF75E,Icterine
FD0E35,Tractor Red
FDBCB4,Melon
FDD5B1,Light Apricot
FDDDE6,Piggy Pink
FDEE00,Aureolin
FDF5E6,Old Lace
FDFD96,Pastel Yellow
FE2712,Red (Ryb)
FE28A2,Persian Rose
FE4164,Neon Fuchsia
FE4EDA,Purple Pizzazz
FE6F5E,Bittersweet
FEFE22,Laser Lemon
FEFE33,Yellow (Ryb)
FF0000,Red
FF0028,Ruddy
FF0038,Carmine Red
FF003F,Electric Crimson
FF004F,Folly
FF007F,Rose
FF0090,Magenta (Process)
FF00FF,Magenta
FF033E,American Rose
FF0800,Candy Apple Red
FF1493,Fluorescent Pink
FF1DCE,Hot Magenta
FF2400,Scarlet
FF2800,Ferrari Red
FF33CC,Razzle Dazzle Rose
FF355E,Radical Red
FF3800,Coquelicot
FF4040,Coral Red
FF43A4,Wild Strawberry
FF4500,Orange-Red
FF4F00,International Orange (Aerospace)
FF5349,Red-Orange
FF55A3,Brilliant Rose
FF5A36,Portland Orange
FF6347,Tomato
FF66CC,Rose Pink
FF6700,Safety Orange (Blaze Orange)
FF6961,Pastel Red
FF69B4,Hot Pink
FF6E4A,Outrageous Orange
FF6FFF,Ultra Pink
FF7518,Pumpkin
FF77FF,Fuchsia Pink
FF7E00,Amber (Sae/Ece)
FF7F00,Orange (Color Wheel)
FF7F50,Coral
FF8243,Mango Tango
FF8C00,Dark Orange
FF8C69,Salmon
FF8F00,Princeton Orange
FF91A4,Salmon Pink
FF9933,Deep Saffron
FF9966,Atomic Tangerine
FF9999,Light Salmon Pink
FF9F00,Orange Peel
FFA07A,Light Salmon
FFA089,Vivid Tangerine
FFA343,Neon Carrot
FFA500,Orange (Web Color)
FFA6C9,Carnation Pink
FFA700,Chrome Yellow
FFA812,Dark Tangerine
FFAE42,Yellow Orange
FFB300,Ucla Gold
FFB347,Pastel Orange
FFB6C1,Light Pink
FFB7C5,Cherry Blossom Pink
FFBA00,Selective Yellow
FFBCD9,Cotton Candy
FFBF00,Amber
FFC0CB,Pink
FFC1CC,Bubble Gum
FFC40C,Mikado Yellow
FFC87C,Topaz
FFCBA4,Deep Peach
FFCC00,Usc Gold
FFCC33,Sunglow
FFCC99,Peach-Orange
FFD300,Yellow (Ncs)
FFD700,Gold (Web) (Golden)
FFD800,School Bus Yellow
FFDAB9,Peach Puff
FFDB58,Mustard
FFDDCA,Unbleached Silk
FFDDF4,Pink Lace
FFDEAD,Navajo White
FFDF00,Golden Yellow
FFE135,Banana Yellow
FFE4C4,Bisque
FFE4E1,Misty Rose
FFE5B4,Peach
FFEBCD,Blanched Almond
FFEF00,Canary Yellow
FFEFD5,Papaya Whip
FFF0F5,Lavender Blush
FFF5EE,Seashell
FFF600,Cadmium Yellow
FFF700,Lemon
FFF8DC,Cornsilk
FFF8E7,Cosmic Latte
FFFACD,Lemon Chiffon
FFFAF0,Floral White
FFFAFA,Snow
FFFDD0,Cream
FFFF00,Yellow
FFFF31,Daffodil
FFFF66,Unmellow Yellow
FFFFF0,Ivory
FFFFFF,White
